Holy Land Digital Image: Legacy Bib,Dublin Core:Title,File
290306, Untitled,"('222', '.tif')5155.jpg"
290444, Tombeau de la Vierge et grotte de l'agonie,"('235', '.tif')4131.jpg"
290444, Tombeau de la Vierge et grotte de l'agonie,"('235', '.tif')4272.jpg"
294047, A Greek Costume,"('289', '.tif')1952.jpg"
294185," Our waiter at Hospice, Tiberias","('321', '.tif')1486.jpg"
294192, Tomb of Lazarus,"('326', '.tif')1926.jpg"
287892, Moulin,"('398', '.tif')3965.jpg"
313160, Mur de Lamentations,"('481', '.tif')3094.jpg"
295558, La rue Chretienne à Jérusalem,"('504', '.tif')4696.jpg"
326106," A Greek Priest blessing the Village Children in Ramah, Palestine","('539', '.tif')671.jpg"
326106," A Greek Priest blessing the Village Children in Ramah, Palestine","('539', '.tif')1059.jpg"
326110, Throngs coming up to Jerusalem for sacrifice--outside the eastern wall,"('541', '.tif')1809.jpg"
323141," Syrian travelers, near Lydda, Palestine","('552', '.tif')1570.jpg"
323141," Syrian travelers, near Lydda, Palestine","('552', '.tif')1577.jpg"
323683," Christian street--motley life in the Holy City's bazaar district, Jerusalem","('565', '.tif')2678.jpg"
324250," Easter Procession of Greek Patriarch, entering Church of Holy Sepulchre, Jerusalem","('568', '.tif')1419.jpg"
324782," Samaritan High Priest and Pentateuch roll--Shechem, Palestine","('605', '.tif')406.jpg"
324782," Samaritan High Priest and Pentateuch roll--Shechem, Palestine","('605', '.tif')421.jpg"
324836, Women grinding at the mill--Palestine (St. Matt. xxiv; 41),"('606', '.tif')942.jpg"
324836, Women grinding at the mill--Palestine (St. Matt. xxiv; 41),"('606', '.tif')953.jpg"
324949," A Christian girl of Nazareth, Palestine","('620', '.tif')1130.jpg"
324949," A Christian girl of Nazareth, Palestine","('620', '.tif')1134.jpg"
278976, Jerusalem  :,"('670', '.tif')1937.jpg"
278976, Jerusalem  :,"('670', '.tif')2031.jpg"
278976, Jerusalem  :,"('670', '.tif')2078.jpg"
278976, Jerusalem  :,"('670', '.tif')2106.jpg"
278976, Jerusalem  :,"('670', '.tif')2358.jpg"
278976, Jerusalem  :,"('670', '.tif')2632.jpg"
278976, Jerusalem  :,"('670', '.tif')2647.jpg"
278976, Jerusalem  :,"('670', '.tif')2745.jpg"
278991, Jerusalem :,"('674', '.tif')2943.jpg"
279003, Jerusalem :,"('676', '.tif')3398.jpg"
279003, Jerusalem :,"('676', '.tif')3401.jpg"
279053, Group of Portraits :,"('678', '.tif')1973.jpg"
322376, XIIe station :,"('721', '.tif')3002.jpg"
332776, Jeune Femme de Bethléhem,"('1030', '.tif')3028.jpg"
332860, Porte de Damas,"('1035', '.tif')4908.jpg"
332863, Rue de Jerusalem et la maison de Ste Veronique:,"('1037', '.tif')4969.jpg"
332888, Untitled,"('1040', '.tif')3821.jpg"
332909, Ceremonie du lavement des pieds chez les grecs devant le St. Sepulcre,"('1046', '.tif')4997.jpg"
332909, Ceremonie du lavement des pieds chez les grecs devant le St. Sepulcre,"('1046', '.tif')5117.jpg"
332909, Ceremonie du lavement des pieds chez les grecs devant le St. Sepulcre,"('1046', '.tif')5543.jpg"
332909, Ceremonie du lavement des pieds chez les grecs devant le St. Sepulcre,"('1046', '.tif')5929.jpg"
332940, XII et XIII Stations de calvere autel grec,"('1049', '.tif')3997.jpg"
333959, Tombeau de Lazare,"('1076', '.tif')3256.jpg"
333959, Tombeau de Lazare,"('1076', '.tif')3280.jpg"
334418, Le Mont Carmel--The Mount Carmel,"('1099', '.tif')4719.jpg"
336039, Palestine :,"('1136', '.tif')4758.jpg"
336039, Palestine :,"('1136', '.tif')4984.jpg"
336039, Palestine :,"('1136', '.tif')5027.jpg"
336039, Palestine :,"('1136', '.tif')5045.jpg"
336039, Palestine :,"('1136', '.tif')5072.jpg"
336039, Palestine :,"('1136', '.tif')5097.jpg"
336039, Palestine :,"('1136', '.tif')5143.jpg"
336039, Palestine :,"('1136', '.tif')5145.jpg"
336039, Palestine :,"('1136', '.tif')5157.jpg"
336039, Palestine :,"('1136', '.tif')5228.jpg"
313436, Supérieur du Couvent du Sinai,"('1180', '.tif')3307.jpg"
313451, Les mots de Gregoire L'Illuminateur (?) man. no. 339 :,"('1187', '.tif')4179.jpg"
334825, Via dolorosa 1re Station :,"('1204', '.tif')3292.jpg"
334825, Via dolorosa 1re Station :,"('1204', '.tif')3361.jpg"
334853, Entrée de l'Eglise du Saint Sépulcre,"('1211', '.tif')5037.jpg"
334853, Entrée de l'Eglise du Saint Sépulcre,"('1211', '.tif')5255.jpg"
334853, Entrée de l'Eglise du Saint Sépulcre,"('1211', '.tif')5322.jpg"
334853, Entrée de l'Eglise du Saint Sépulcre,"('1211', '.tif')5351.jpg"
334853, Entrée de l'Eglise du Saint Sépulcre,"('1211', '.tif')5392.jpg"
334853, Entrée de l'Eglise du Saint Sépulcre,"('1211', '.tif')5436.jpg"
334853, Entrée de l'Eglise du Saint Sépulcre,"('1211', '.tif')5485.jpg"
334853, Entrée de l'Eglise du Saint Sépulcre,"('1211', '.tif')6180.jpg"
335278, La carovane américaine au cénacle,"('1226', '.tif')2987.jpg"
335278, La carovane américaine au cénacle,"('1226', '.tif')3185.jpg"
335278, La carovane américaine au cénacle,"('1226', '.tif')3198.jpg"
335278, La carovane américaine au cénacle,"('1226', '.tif')3276.jpg"
335278, La carovane américaine au cénacle,"('1226', '.tif')3432.jpg"
335278, La carovane américaine au cénacle,"('1226', '.tif')3436.jpg"
335278, La carovane américaine au cénacle,"('1226', '.tif')3796.jpg"
335278, La carovane américaine au cénacle,"('1226', '.tif')4039.jpg"
291195, Jerusalem. Escalier allant au St. Sepulcre,"('1254', '.tif')3521.jpg"
291195, Jerusalem. Escalier allant au St. Sepulcre,"('1254', '.tif')3948.jpg"
291401, Tombeau de Lazare à Bethanie,"('1281', '.tif')4670.jpg"
335288, Casa-Nova foresteria di T.S.,"('1306', '.tif')5131.jpg"
335297, Via dolorosa 4me Station N.S. rencontre Sa mère,"('1309', '.tif')3446.jpg"
287989, Céremonie religieuse,"('1318', '.tif')1674.jpg"
287989, Céremonie religieuse,"('1318', '.tif')5002.jpg"
287989, Céremonie religieuse,"('1318', '.tif')5192.jpg"
287989, Céremonie religieuse,"('1318', '.tif')5234.jpg"
287989, Céremonie religieuse,"('1318', '.tif')5296.jpg"
287989, Céremonie religieuse,"('1318', '.tif')5434.jpg"
287989, Céremonie religieuse,"('1318', '.tif')5467.jpg"
287989, Céremonie religieuse,"('1318', '.tif')5509.jpg"
287989, Céremonie religieuse,"('1318', '.tif')5531.jpg"
287989, Céremonie religieuse,"('1318', '.tif')5576.jpg"
287989, Céremonie religieuse,"('1318', '.tif')5583.jpg"
287989, Céremonie religieuse,"('1318', '.tif')5593.jpg"
287989, Céremonie religieuse,"('1318', '.tif')5689.jpg"
287989, Céremonie religieuse,"('1318', '.tif')5737.jpg"
287989, Céremonie religieuse,"('1318', '.tif')5785.jpg"
287989, Céremonie religieuse,"('1318', '.tif')5801.jpg"
287989, Céremonie religieuse,"('1318', '.tif')5802.jpg"
287989, Céremonie religieuse,"('1318', '.tif')6015.jpg"
287989, Céremonie religieuse,"('1318', '.tif')6308.jpg"
287989, Céremonie religieuse,"('1318', '.tif')6578.jpg"
287989, Céremonie religieuse,"('1318', '.tif')6732.jpg"
287956, Esplanade du Temple Chaire,"('1319', '.tif')2625.jpg"
289352, Personnage,"('1335', '.tif')825.jpg"
291499, Rue de la tour de David à Jerusalem,"('1347', '.tif')4879.jpg"
291566, Groupe de lépreux à Jerusalem,"('1354', '.tif')2060.jpg"
291566, Groupe de lépreux à Jerusalem,"('1354', '.tif')3302.jpg"
291566, Groupe de lépreux à Jerusalem,"('1354', '.tif')3642.jpg"
291567, Grand [rabbin] de Jerusalem,"('1355', '.tif')2192.jpg"
279127, Jerusalem :,"('1421', '.tif')2337.jpg"
279127, Jerusalem :,"('1421', '.tif')2345.jpg"
279127, Jerusalem :,"('1421', '.tif')2435.jpg"
279127, Jerusalem :,"('1421', '.tif')2620.jpg"
279127, Jerusalem :,"('1421', '.tif')2665.jpg"
279127, Jerusalem :,"('1421', '.tif')2674.jpg"
279127, Jerusalem :,"('1421', '.tif')2837.jpg"
328557," The ""Fair Water Carrier,"" Nazareth","('1448', '.tif')1540.jpg"
327685, Bethlehem,"('1519', '.tif')2115.jpg"
278626," Group of Bethlehem Women, Group of Bethlehem Men","('1537', '.tif')1820.jpg"
278626," Group of Bethlehem Women, Group of Bethlehem Men","('1537', '.tif')2861.jpg"
278819," Group of Native Women, Jerusalem","('1573', '.tif')1458.jpg"
278819," Group of Native Women, Jerusalem","('1573', '.tif')1475.jpg"
282858," Rachel's Tomb. ""A Little Way from Bethlehem.""","('1616', '.tif')3207.jpg"
282865, Women of Bethlehem,"('1618', '.tif')984.jpg"
282865, Women of Bethlehem,"('1618', '.tif')2836.jpg"
282865, Women of Bethlehem,"('1618', '.tif')3399.jpg"
283005, A Group of Female Figures,"('1653', '.tif')2930.jpg"
283005, A Group of Female Figures,"('1653', '.tif')2962.jpg"
283007, Entrance to David's Tower and Turkish Guard,"('1655', '.tif')3803.jpg"
284867, A familiar face from the Holy City,"('1667', '.tif')1574.jpg"
284901, Courtyard of a Damascus House,"('1676', '.tif')3240.jpg"
284904, Damascus--Courtyard of a Jewish House (Lisbony's),"('1677', '.tif')3686.jpg"
284906, Damascus--Doorway and Niche. Jewish Female Figures in the Courtyard of a Jewish House,"('1678', '.tif')2996.jpg"
284907, Damascus--Doorway and Niche. Jewish Female Figures in the Courtyard of a Jewish House,"('1679', '.tif')3424.jpg"
292701," Monks of the Convent of St. Catherine, Mount Sinai","('1735', '.tif')2855.jpg"
292701," Monks of the Convent of St. Catherine, Mount Sinai","('1735', '.tif')2899.jpg"
292701," Monks of the Convent of St. Catherine, Mount Sinai","('1735', '.tif')3249.jpg"
326364, Christmas procession in Bethlehem,"('1788', '.tif')2537.jpg"
326364, Christmas procession in Bethlehem,"('1788', '.tif')2548.jpg"
326492," The Fountain of the Virgin, Nazareth","('1798', '.tif')548.jpg"
326492," The Fountain of the Virgin, Nazareth","('1798', '.tif')582.jpg"
326492," The Fountain of the Virgin, Nazareth","('1798', '.tif')1450.jpg"
326492," The Fountain of the Virgin, Nazareth","('1798', '.tif')1481.jpg"
326492," The Fountain of the Virgin, Nazareth","('1798', '.tif')1773.jpg"
326492," The Fountain of the Virgin, Nazareth","('1798', '.tif')1806.jpg"
326759," Traffic by St. Stephen's Gate, Jerusalem","('1807', '.tif')1448.jpg"
326770," The Jaffa Gate closed, showing Needle's Eye, Jerusalem","('1809', '.tif')1974.jpg"
326770," The Jaffa Gate closed, showing Needle's Eye, Jerusalem","('1809', '.tif')2008.jpg"
326804," Stone of Annunciation in the Holy Sepulchre Church, Jerusalem","('1820', '.tif')1391.jpg"
327124," Disciples, with the women, early at the Sepulchre of Christ","('1833', '.tif')1368.jpg"
327124," Disciples, with the women, early at the Sepulchre of Christ","('1833', '.tif')1372.jpg"
327130," The Wailing Place of the Jews, Jerusalem","('1834', '.tif')2243.jpg"
327130," The Wailing Place of the Jews, Jerusalem","('1834', '.tif')2257.jpg"
327170, Blind men washing eyes in the Pool of Siloam,"('1840', '.tif')655.jpg"
317608," A Bridge on the Haifa--Tel Aviv Road over Iskandrun River, Built 1937","('1909', '.tif')1868.jpg"
309864," Bold rocks, west of the Ravine, Petra","('2062', '.tif')3052.jpg"
310372," Jacob's Well, near Shechem :","('2083', '.tif')2761.jpg"
310499," The Erechtheum, Athens :","('2099', '.tif')1910.jpg"
281409, Jacob's Well. Shechem,"('2133', '.tif')3064.jpg"
281985, Courtyard of House,"('2228', '.tif')3989.jpg"
281985, Courtyard of House,"('2228', '.tif')4048.jpg"
305905, Mur de la lamentation,"('2287', '.tif')3349.jpg"
307053," The Circular Temple, Baalbec","('2668', '.tif')3723.jpg"
335548, Bergers de Bethléhem,"('2714', '.tif')2292.jpg"
335599, Femme et Enfent Fellah,"('2724', '.tif')2359.jpg"
335615, Cavaliers de la mer Morte,"('2726', '.tif')3429.jpg"
335615, Cavaliers de la mer Morte,"('2726', '.tif')3671.jpg"
291584," Intérieur de St. Sepulcre, la pierre de l'Ange--Inside of the Holy Sepulchre, the angel's stone","('2729', '.tif')1668.jpg"
313475, Plan du Canal:,"('2742', '.tif')438.jpg"
313475, Plan du Canal:,"('2742', '.tif')848.jpg"
313475, Plan du Canal:,"('2742', '.tif')865.jpg"
313475, Plan du Canal:,"('2742', '.tif')873.jpg"
313475, Plan du Canal:,"('2742', '.tif')1399.jpg"
313475, Plan du Canal:,"('2742', '.tif')3375.jpg"
285730," Municipal Building, Homs","('2745', '.tif')3672.jpg"
285807, St. Sepulcre façade portes et personnages militaires,"('2756', '.tif')4299.jpg"
285807, St. Sepulcre façade portes et personnages militaires,"('2756', '.tif')4317.jpg"
285807, St. Sepulcre façade portes et personnages militaires,"('2756', '.tif')4329.jpg"
285807, St. Sepulcre façade portes et personnages militaires,"('2756', '.tif')4341.jpg"
285807, St. Sepulcre façade portes et personnages militaires,"('2756', '.tif')4361.jpg"
285807, St. Sepulcre façade portes et personnages militaires,"('2756', '.tif')4373.jpg"
285807, St. Sepulcre façade portes et personnages militaires,"('2756', '.tif')4378.jpg"
285807, St. Sepulcre façade portes et personnages militaires,"('2756', '.tif')4380.jpg"
285807, St. Sepulcre façade portes et personnages militaires,"('2756', '.tif')4381.jpg"
285807, St. Sepulcre façade portes et personnages militaires,"('2756', '.tif')4385.jpg"
285807, St. Sepulcre façade portes et personnages militaires,"('2756', '.tif')4464.jpg"
285807, St. Sepulcre façade portes et personnages militaires,"('2756', '.tif')4479.jpg"
285809, St. Sepulcre :,"('2757', '.tif')4007.jpg"
285809, St. Sepulcre :,"('2757', '.tif')4025.jpg"
285809, St. Sepulcre :,"('2757', '.tif')4045.jpg"
285810, St. Sepulcre :,"('2758', '.tif')2558.jpg"
285810, St. Sepulcre :,"('2758', '.tif')3261.jpg"
285812, St. Sepulcre :,"('2759', '.tif')5046.jpg"
285812, St. Sepulcre :,"('2759', '.tif')5351.jpg"
286774, Untitled,"('2771', '.tif')3218.jpg"
289462, The ancient tower of City Wall Qly. Stat,"('2846', '.tif')2074.jpg"
285251, Mur de Salomon oú le juifs vont pleurer,"('2862', '.tif')3512.jpg"
295623, Notre Caravane sous les murs de Jerusalem,"('3025', '.tif')3571.jpg"
295623, Notre Caravane sous les murs de Jerusalem,"('3025', '.tif')3801.jpg"
295623, Notre Caravane sous les murs de Jerusalem,"('3025', '.tif')3849.jpg"
297362, Personnages Bedouins,"('3192', '.tif')2949.jpg"
297362, Personnages Bedouins,"('3192', '.tif')3151.jpg"
297362, Personnages Bedouins,"('3192', '.tif')3175.jpg"
297362, Personnages Bedouins,"('3192', '.tif')3181.jpg"
289865, Couvent St Elie--Convent of St. Elias,"('3226', '.tif')3735.jpg"
304524, Terre Sainte:,"('3234', '.tif')3965.jpg"
304524, Terre Sainte:,"('3234', '.tif')4483.jpg"
289475, Ruines du Couvent des Hospitaliers de St. Jean,"('3286', '.tif')4865.jpg"
317757, Gloriosissimum D.N.J.C. Sepulcrum,"('3311', '.tif')3853.jpg"
317757, Gloriosissimum D.N.J.C. Sepulcrum,"('3311', '.tif')5472.jpg"
317757, Gloriosissimum D.N.J.C. Sepulcrum,"('3311', '.tif')5900.jpg"
317757, Gloriosissimum D.N.J.C. Sepulcrum,"('3311', '.tif')5929.jpg"
317757, Gloriosissimum D.N.J.C. Sepulcrum,"('3311', '.tif')5984.jpg"
317757, Gloriosissimum D.N.J.C. Sepulcrum,"('3311', '.tif')6092.jpg"
317757, Gloriosissimum D.N.J.C. Sepulcrum,"('3311', '.tif')6139.jpg"
317757, Gloriosissimum D.N.J.C. Sepulcrum,"('3311', '.tif')6190.jpg"
317757, Gloriosissimum D.N.J.C. Sepulcrum,"('3311', '.tif')6215.jpg"
317757, Gloriosissimum D.N.J.C. Sepulcrum,"('3311', '.tif')6277.jpg"
317757, Gloriosissimum D.N.J.C. Sepulcrum,"('3311', '.tif')6284.jpg"
317757, Gloriosissimum D.N.J.C. Sepulcrum,"('3311', '.tif')6289.jpg"
317757, Gloriosissimum D.N.J.C. Sepulcrum,"('3311', '.tif')6306.jpg"
317757, Gloriosissimum D.N.J.C. Sepulcrum,"('3311', '.tif')6471.jpg"
317757, Gloriosissimum D.N.J.C. Sepulcrum,"('3311', '.tif')7370.jpg"
317769, Sanctuarium Flagellationis D.N.J.C.,"('3313', '.tif')5447.jpg"
317769, Sanctuarium Flagellationis D.N.J.C.,"('3313', '.tif')5953.jpg"
317769, Sanctuarium Flagellationis D.N.J.C.,"('3313', '.tif')7308.jpg"
317851, Quotidiana victus pauperibus distributio,"('3319', '.tif')4029.jpg"
317862, Characterum Fusorium et Officina Compactoris Librorum,"('3323', '.tif')3545.jpg"
317863, Officina Pistoria,"('3324', '.tif')3485.jpg"
317864, Officina Fabri-Lignarii,"('3325', '.tif')3258.jpg"
317864, Officina Fabri-Lignarii,"('3325', '.tif')3363.jpg"
317864, Officina Fabri-Lignarii,"('3325', '.tif')3437.jpg"
317867, Officina Sartoris,"('3327', '.tif')4160.jpg"
317867, Officina Sartoris,"('3327', '.tif')4191.jpg"
317867, Officina Sartoris,"('3327', '.tif')4261.jpg"
317873, Officina Lapicidae,"('3329', '.tif')3038.jpg"
317873, Officina Lapicidae,"('3329', '.tif')3686.jpg"
317877, Molitrina,"('3331', '.tif')3605.jpg"
317877, Molitrina,"('3331', '.tif')3606.jpg"
317877, Molitrina,"('3331', '.tif')3622.jpg"
317879, Masculinum Orphanotrophium Jerosolymitanum,"('3332', '.tif')3360.jpg"
317879, Masculinum Orphanotrophium Jerosolymitanum,"('3332', '.tif')3420.jpg"
317879, Masculinum Orphanotrophium Jerosolymitanum,"('3332', '.tif')3426.jpg"
317879, Masculinum Orphanotrophium Jerosolymitanum,"('3332', '.tif')3435.jpg"
317879, Masculinum Orphanotrophium Jerosolymitanum,"('3332', '.tif')3438.jpg"
317879, Masculinum Orphanotrophium Jerosolymitanum,"('3332', '.tif')3811.jpg"
317879, Masculinum Orphanotrophium Jerosolymitanum,"('3332', '.tif')3819.jpg"
317879, Masculinum Orphanotrophium Jerosolymitanum,"('3332', '.tif')3828.jpg"
317879, Masculinum Orphanotrophium Jerosolymitanum,"('3332', '.tif')3860.jpg"
317879, Masculinum Orphanotrophium Jerosolymitanum,"('3332', '.tif')3869.jpg"
317884, Foemineum Orphanotrophium Jerosolymitanum,"('3333', '.tif')2994.jpg"
317884, Foemineum Orphanotrophium Jerosolymitanum,"('3333', '.tif')3102.jpg"
317884, Foemineum Orphanotrophium Jerosolymitanum,"('3333', '.tif')3142.jpg"
317884, Foemineum Orphanotrophium Jerosolymitanum,"('3333', '.tif')3247.jpg"
317884, Foemineum Orphanotrophium Jerosolymitanum,"('3333', '.tif')3566.jpg"
317884, Foemineum Orphanotrophium Jerosolymitanum,"('3333', '.tif')3650.jpg"
317884, Foemineum Orphanotrophium Jerosolymitanum,"('3333', '.tif')3685.jpg"
317884, Foemineum Orphanotrophium Jerosolymitanum,"('3333', '.tif')4044.jpg"
317884, Foemineum Orphanotrophium Jerosolymitanum,"('3333', '.tif')4170.jpg"
317884, Foemineum Orphanotrophium Jerosolymitanum,"('3333', '.tif')4613.jpg"
317886, Terrae S. Schola Puellarum sub directione Sororum S. Josephi ab Apparitione,"('3334', '.tif')3042.jpg"
317886, Terrae S. Schola Puellarum sub directione Sororum S. Josephi ab Apparitione,"('3334', '.tif')3055.jpg"
317886, Terrae S. Schola Puellarum sub directione Sororum S. Josephi ab Apparitione,"('3334', '.tif')3068.jpg"
317886, Terrae S. Schola Puellarum sub directione Sororum S. Josephi ab Apparitione,"('3334', '.tif')3174.jpg"
317886, Terrae S. Schola Puellarum sub directione Sororum S. Josephi ab Apparitione,"('3334', '.tif')3184.jpg"
317886, Terrae S. Schola Puellarum sub directione Sororum S. Josephi ab Apparitione,"('3334', '.tif')3300.jpg"
317886, Terrae S. Schola Puellarum sub directione Sororum S. Josephi ab Apparitione,"('3334', '.tif')3637.jpg"
317886, Terrae S. Schola Puellarum sub directione Sororum S. Josephi ab Apparitione,"('3334', '.tif')3991.jpg"
317886, Terrae S. Schola Puellarum sub directione Sororum S. Josephi ab Apparitione,"('3334', '.tif')4172.jpg"
317886, Terrae S. Schola Puellarum sub directione Sororum S. Josephi ab Apparitione,"('3334', '.tif')4289.jpg"
317886, Terrae S. Schola Puellarum sub directione Sororum S. Josephi ab Apparitione,"('3334', '.tif')4382.jpg"
317886, Terrae S. Schola Puellarum sub directione Sororum S. Josephi ab Apparitione,"('3334', '.tif')4438.jpg"
318515, Schola Elementaris Arimatheae,"('3348', '.tif')2773.jpg"
318534, Schola Elementaris Joppes,"('3350', '.tif')2924.jpg"
318553, Terrae S. Schola Puellarum Joppe sub directione Sororum S. Josephi ab Apparitione,"('3351', '.tif')3173.jpg"
318553, Terrae S. Schola Puellarum Joppe sub directione Sororum S. Josephi ab Apparitione,"('3351', '.tif')3313.jpg"
318553, Terrae S. Schola Puellarum Joppe sub directione Sororum S. Josephi ab Apparitione,"('3351', '.tif')3415.jpg"
318553, Terrae S. Schola Puellarum Joppe sub directione Sororum S. Josephi ab Apparitione,"('3351', '.tif')3503.jpg"
318553, Terrae S. Schola Puellarum Joppe sub directione Sororum S. Josephi ab Apparitione,"('3351', '.tif')3533.jpg"
318553, Terrae S. Schola Puellarum Joppe sub directione Sororum S. Josephi ab Apparitione,"('3351', '.tif')3548.jpg"
318553, Terrae S. Schola Puellarum Joppe sub directione Sororum S. Josephi ab Apparitione,"('3351', '.tif')3625.jpg"
318553, Terrae S. Schola Puellarum Joppe sub directione Sororum S. Josephi ab Apparitione,"('3351', '.tif')3703.jpg"
318553, Terrae S. Schola Puellarum Joppe sub directione Sororum S. Josephi ab Apparitione,"('3351', '.tif')3736.jpg"
318553, Terrae S. Schola Puellarum Joppe sub directione Sororum S. Josephi ab Apparitione,"('3351', '.tif')3805.jpg"
318553, Terrae S. Schola Puellarum Joppe sub directione Sororum S. Josephi ab Apparitione,"('3351', '.tif')3816.jpg"
318553, Terrae S. Schola Puellarum Joppe sub directione Sororum S. Josephi ab Apparitione,"('3351', '.tif')3822.jpg"
318553, Terrae S. Schola Puellarum Joppe sub directione Sororum S. Josephi ab Apparitione,"('3351', '.tif')3828.jpg"
318553, Terrae S. Schola Puellarum Joppe sub directione Sororum S. Josephi ab Apparitione,"('3351', '.tif')3849.jpg"
318553, Terrae S. Schola Puellarum Joppe sub directione Sororum S. Josephi ab Apparitione,"('3351', '.tif')3862.jpg"
318553, Terrae S. Schola Puellarum Joppe sub directione Sororum S. Josephi ab Apparitione,"('3351', '.tif')3893.jpg"
318553, Terrae S. Schola Puellarum Joppe sub directione Sororum S. Josephi ab Apparitione,"('3351', '.tif')3909.jpg"
318553, Terrae S. Schola Puellarum Joppe sub directione Sororum S. Josephi ab Apparitione,"('3351', '.tif')3912.jpg"
318553, Terrae S. Schola Puellarum Joppe sub directione Sororum S. Josephi ab Apparitione,"('3351', '.tif')3936.jpg"
318553, Terrae S. Schola Puellarum Joppe sub directione Sororum S. Josephi ab Apparitione,"('3351', '.tif')4023.jpg"
318553, Terrae S. Schola Puellarum Joppe sub directione Sororum S. Josephi ab Apparitione,"('3351', '.tif')4031.jpg"
318553, Terrae S. Schola Puellarum Joppe sub directione Sororum S. Josephi ab Apparitione,"('3351', '.tif')4092.jpg"
318553, Terrae S. Schola Puellarum Joppe sub directione Sororum S. Josephi ab Apparitione,"('3351', '.tif')4094.jpg"
318553, Terrae S. Schola Puellarum Joppe sub directione Sororum S. Josephi ab Apparitione,"('3351', '.tif')4100.jpg"
318553, Terrae S. Schola Puellarum Joppe sub directione Sororum S. Josephi ab Apparitione,"('3351', '.tif')4104.jpg"
318553, Terrae S. Schola Puellarum Joppe sub directione Sororum S. Josephi ab Apparitione,"('3351', '.tif')4113.jpg"
318553, Terrae S. Schola Puellarum Joppe sub directione Sororum S. Josephi ab Apparitione,"('3351', '.tif')4130.jpg"
318553, Terrae S. Schola Puellarum Joppe sub directione Sororum S. Josephi ab Apparitione,"('3351', '.tif')4217.jpg"
318553, Terrae S. Schola Puellarum Joppe sub directione Sororum S. Josephi ab Apparitione,"('3351', '.tif')4370.jpg"
318553, Terrae S. Schola Puellarum Joppe sub directione Sororum S. Josephi ab Apparitione,"('3351', '.tif')4402.jpg"
318553, Terrae S. Schola Puellarum Joppe sub directione Sororum S. Josephi ab Apparitione,"('3351', '.tif')4437.jpg"
318553, Terrae S. Schola Puellarum Joppe sub directione Sororum S. Josephi ab Apparitione,"('3351', '.tif')4482.jpg"
318553, Terrae S. Schola Puellarum Joppe sub directione Sororum S. Josephi ab Apparitione,"('3351', '.tif')4552.jpg"
318553, Terrae S. Schola Puellarum Joppe sub directione Sororum S. Josephi ab Apparitione,"('3351', '.tif')4605.jpg"
318553, Terrae S. Schola Puellarum Joppe sub directione Sororum S. Josephi ab Apparitione,"('3351', '.tif')4663.jpg"
318553, Terrae S. Schola Puellarum Joppe sub directione Sororum S. Josephi ab Apparitione,"('3351', '.tif')4690.jpg"
318553, Terrae S. Schola Puellarum Joppe sub directione Sororum S. Josephi ab Apparitione,"('3351', '.tif')4849.jpg"
318553, Terrae S. Schola Puellarum Joppe sub directione Sororum S. Josephi ab Apparitione,"('3351', '.tif')4939.jpg"
318553, Terrae S. Schola Puellarum Joppe sub directione Sororum S. Josephi ab Apparitione,"('3351', '.tif')4952.jpg"
318553, Terrae S. Schola Puellarum Joppe sub directione Sororum S. Josephi ab Apparitione,"('3351', '.tif')4961.jpg"
318553, Terrae S. Schola Puellarum Joppe sub directione Sororum S. Josephi ab Apparitione,"('3351', '.tif')4971.jpg"
318665," Rudera Ecclesiae ubi erat domus SS Joachim et Annae, Sephori","('3358', '.tif')4824.jpg"
318675, Schola Elementaris Nazareth,"('3360', '.tif')4570.jpg"
318710, Schola Elementaris Tiberiadis,"('3363', '.tif')2857.jpg"
318710, Schola Elementaris Tiberiadis,"('3363', '.tif')2869.jpg"
318710, Schola Elementaris Tiberiadis,"('3363', '.tif')2982.jpg"
318710, Schola Elementaris Tiberiadis,"('3363', '.tif')3062.jpg"
318710, Schola Elementaris Tiberiadis,"('3363', '.tif')3096.jpg"
318710, Schola Elementaris Tiberiadis,"('3363', '.tif')3390.jpg"
318710, Schola Elementaris Tiberiadis,"('3363', '.tif')3508.jpg"
318710, Schola Elementaris Tiberiadis,"('3363', '.tif')3514.jpg"
318710, Schola Elementaris Tiberiadis,"('3363', '.tif')4042.jpg"
318729, Hospitium et Ecclesia Parochialis Ptolaemaidis,"('3364', '.tif')3102.jpg"
318832, Schola Elementaris Ptolaemaidis,"('3365', '.tif')2584.jpg"
318832, Schola Elementaris Ptolaemaidis,"('3365', '.tif')2735.jpg"
318832, Schola Elementaris Ptolaemaidis,"('3365', '.tif')2744.jpg"
318832, Schola Elementaris Ptolaemaidis,"('3365', '.tif')2780.jpg"
318832, Schola Elementaris Ptolaemaidis,"('3365', '.tif')2820.jpg"
318832, Schola Elementaris Ptolaemaidis,"('3365', '.tif')2917.jpg"
318832, Schola Elementaris Ptolaemaidis,"('3365', '.tif')3036.jpg"
318832, Schola Elementaris Ptolaemaidis,"('3365', '.tif')3138.jpg"
318832, Schola Elementaris Ptolaemaidis,"('3365', '.tif')3334.jpg"
318832, Schola Elementaris Ptolaemaidis,"('3365', '.tif')3386.jpg"
318832, Schola Elementaris Ptolaemaidis,"('3365', '.tif')3390.jpg"
318832, Schola Elementaris Ptolaemaidis,"('3365', '.tif')3400.jpg"
318832, Schola Elementaris Ptolaemaidis,"('3365', '.tif')3460.jpg"
318832, Schola Elementaris Ptolaemaidis,"('3365', '.tif')3466.jpg"
318832, Schola Elementaris Ptolaemaidis,"('3365', '.tif')3474.jpg"
318832, Schola Elementaris Ptolaemaidis,"('3365', '.tif')3510.jpg"
318832, Schola Elementaris Ptolaemaidis,"('3365', '.tif')3556.jpg"
318832, Schola Elementaris Ptolaemaidis,"('3365', '.tif')3628.jpg"
318832, Schola Elementaris Ptolaemaidis,"('3365', '.tif')3849.jpg"
318832, Schola Elementaris Ptolaemaidis,"('3365', '.tif')3850.jpg"
318832, Schola Elementaris Ptolaemaidis,"('3365', '.tif')3871.jpg"
318832, Schola Elementaris Ptolaemaidis,"('3365', '.tif')3879.jpg"
318832, Schola Elementaris Ptolaemaidis,"('3365', '.tif')3902.jpg"
318832, Schola Elementaris Ptolaemaidis,"('3365', '.tif')3946.jpg"
318832, Schola Elementaris Ptolaemaidis,"('3365', '.tif')3959.jpg"
318832, Schola Elementaris Ptolaemaidis,"('3365', '.tif')4538.jpg"
318832, Schola Elementaris Ptolaemaidis,"('3365', '.tif')4545.jpg"
318832, Schola Elementaris Ptolaemaidis,"('3365', '.tif')4554.jpg"
318832, Schola Elementaris Ptolaemaidis,"('3365', '.tif')4612.jpg"
318832, Schola Elementaris Ptolaemaidis,"('3365', '.tif')4645.jpg"
318874, Schola Elementaris Tyri,"('3369', '.tif')2131.jpg"
318874, Schola Elementaris Tyri,"('3369', '.tif')2190.jpg"
318874, Schola Elementaris Tyri,"('3369', '.tif')2253.jpg"
318874, Schola Elementaris Tyri,"('3369', '.tif')2271.jpg"
318874, Schola Elementaris Tyri,"('3369', '.tif')2348.jpg"
318874, Schola Elementaris Tyri,"('3369', '.tif')2349.jpg"
318874, Schola Elementaris Tyri,"('3369', '.tif')2581.jpg"
318874, Schola Elementaris Tyri,"('3369', '.tif')2592.jpg"
318874, Schola Elementaris Tyri,"('3369', '.tif')2605.jpg"
318874, Schola Elementaris Tyri,"('3369', '.tif')2648.jpg"
318874, Schola Elementaris Tyri,"('3369', '.tif')2656.jpg"
318874, Schola Elementaris Tyri,"('3369', '.tif')2679.jpg"
318874, Schola Elementaris Tyri,"('3369', '.tif')2897.jpg"
318874, Schola Elementaris Tyri,"('3369', '.tif')2910.jpg"
318874, Schola Elementaris Tyri,"('3369', '.tif')2939.jpg"
318874, Schola Elementaris Tyri,"('3369', '.tif')2978.jpg"
318874, Schola Elementaris Tyri,"('3369', '.tif')2999.jpg"
318874, Schola Elementaris Tyri,"('3369', '.tif')3025.jpg"
318874, Schola Elementaris Tyri,"('3369', '.tif')3029.jpg"
318874, Schola Elementaris Tyri,"('3369', '.tif')3163.jpg"
318874, Schola Elementaris Tyri,"('3369', '.tif')3219.jpg"
318874, Schola Elementaris Tyri,"('3369', '.tif')3296.jpg"
318874, Schola Elementaris Tyri,"('3369', '.tif')3309.jpg"
318874, Schola Elementaris Tyri,"('3369', '.tif')3358.jpg"
318874, Schola Elementaris Tyri,"('3369', '.tif')3410.jpg"
318874, Schola Elementaris Tyri,"('3369', '.tif')3443.jpg"
318874, Schola Elementaris Tyri,"('3369', '.tif')3857.jpg"
318874, Schola Elementaris Tyri,"('3369', '.tif')3861.jpg"
318874, Schola Elementaris Tyri,"('3369', '.tif')3880.jpg"
318874, Schola Elementaris Tyri,"('3369', '.tif')3932.jpg"
318874, Schola Elementaris Tyri,"('3369', '.tif')3944.jpg"
318874, Schola Elementaris Tyri,"('3369', '.tif')3966.jpg"
318874, Schola Elementaris Tyri,"('3369', '.tif')4292.jpg"
318874, Schola Elementaris Tyri,"('3369', '.tif')4374.jpg"
318874, Schola Elementaris Tyri,"('3369', '.tif')4389.jpg"
318874, Schola Elementaris Tyri,"('3369', '.tif')4395.jpg"
318874, Schola Elementaris Tyri,"('3369', '.tif')4398.jpg"
318874, Schola Elementaris Tyri,"('3369', '.tif')4418.jpg"
318919, Hospitium Berythi,"('3370', '.tif')5119.jpg"
318946, Schola Elementaris Damasci,"('3373', '.tif')2548.jpg"
318946, Schola Elementaris Damasci,"('3373', '.tif')2597.jpg"
318946, Schola Elementaris Damasci,"('3373', '.tif')2622.jpg"
318946, Schola Elementaris Damasci,"('3373', '.tif')2778.jpg"
318946, Schola Elementaris Damasci,"('3373', '.tif')2779.jpg"
318946, Schola Elementaris Damasci,"('3373', '.tif')2786.jpg"
318946, Schola Elementaris Damasci,"('3373', '.tif')2851.jpg"
318946, Schola Elementaris Damasci,"('3373', '.tif')3256.jpg"
318946, Schola Elementaris Damasci,"('3373', '.tif')3311.jpg"
318946, Schola Elementaris Damasci,"('3373', '.tif')3324.jpg"
318946, Schola Elementaris Damasci,"('3373', '.tif')3338.jpg"
318946, Schola Elementaris Damasci,"('3373', '.tif')3367.jpg"
318946, Schola Elementaris Damasci,"('3373', '.tif')4035.jpg"
318946, Schola Elementaris Damasci,"('3373', '.tif')4066.jpg"
318946, Schola Elementaris Damasci,"('3373', '.tif')4071.jpg"
318946, Schola Elementaris Damasci,"('3373', '.tif')4075.jpg"
318946, Schola Elementaris Damasci,"('3373', '.tif')4313.jpg"
318946, Schola Elementaris Damasci,"('3373', '.tif')4379.jpg"
318959, Schola Elementaris Tripolis,"('3375', '.tif')3028.jpg"
318959, Schola Elementaris Tripolis,"('3375', '.tif')3092.jpg"
318959, Schola Elementaris Tripolis,"('3375', '.tif')3098.jpg"
318959, Schola Elementaris Tripolis,"('3375', '.tif')3236.jpg"
318959, Schola Elementaris Tripolis,"('3375', '.tif')3418.jpg"
318959, Schola Elementaris Tripolis,"('3375', '.tif')3445.jpg"
318959, Schola Elementaris Tripolis,"('3375', '.tif')3466.jpg"
318959, Schola Elementaris Tripolis,"('3375', '.tif')3524.jpg"
318959, Schola Elementaris Tripolis,"('3375', '.tif')3538.jpg"
318959, Schola Elementaris Tripolis,"('3375', '.tif')3565.jpg"
318959, Schola Elementaris Tripolis,"('3375', '.tif')3582.jpg"
318959, Schola Elementaris Tripolis,"('3375', '.tif')3773.jpg"
318959, Schola Elementaris Tripolis,"('3375', '.tif')3792.jpg"
318959, Schola Elementaris Tripolis,"('3375', '.tif')3809.jpg"
318959, Schola Elementaris Tripolis,"('3375', '.tif')3818.jpg"
318959, Schola Elementaris Tripolis,"('3375', '.tif')3866.jpg"
318959, Schola Elementaris Tripolis,"('3375', '.tif')3880.jpg"
318959, Schola Elementaris Tripolis,"('3375', '.tif')4058.jpg"
318959, Schola Elementaris Tripolis,"('3375', '.tif')4069.jpg"
318959, Schola Elementaris Tripolis,"('3375', '.tif')4134.jpg"
318959, Schola Elementaris Tripolis,"('3375', '.tif')4154.jpg"
318959, Schola Elementaris Tripolis,"('3375', '.tif')4243.jpg"
318959, Schola Elementaris Tripolis,"('3375', '.tif')4325.jpg"
318959, Schola Elementaris Tripolis,"('3375', '.tif')4482.jpg"
318959, Schola Elementaris Tripolis,"('3375', '.tif')4519.jpg"
318959, Schola Elementaris Tripolis,"('3375', '.tif')4538.jpg"
318959, Schola Elementaris Tripolis,"('3375', '.tif')4542.jpg"
318959, Schola Elementaris Tripolis,"('3375', '.tif')4547.jpg"
318974, Schola Elementaris Tripolis (ad mare),"('3377', '.tif')3151.jpg"
318974, Schola Elementaris Tripolis (ad mare),"('3377', '.tif')3202.jpg"
318974, Schola Elementaris Tripolis (ad mare),"('3377', '.tif')3237.jpg"
318974, Schola Elementaris Tripolis (ad mare),"('3377', '.tif')3241.jpg"
318974, Schola Elementaris Tripolis (ad mare),"('3377', '.tif')3276.jpg"
318974, Schola Elementaris Tripolis (ad mare),"('3377', '.tif')3302.jpg"
318974, Schola Elementaris Tripolis (ad mare),"('3377', '.tif')3328.jpg"
318974, Schola Elementaris Tripolis (ad mare),"('3377', '.tif')3329.jpg"
318974, Schola Elementaris Tripolis (ad mare),"('3377', '.tif')3408.jpg"
318974, Schola Elementaris Tripolis (ad mare),"('3377', '.tif')3571.jpg"
318974, Schola Elementaris Tripolis (ad mare),"('3377', '.tif')3608.jpg"
318974, Schola Elementaris Tripolis (ad mare),"('3377', '.tif')3623.jpg"
318974, Schola Elementaris Tripolis (ad mare),"('3377', '.tif')3627.jpg"
318974, Schola Elementaris Tripolis (ad mare),"('3377', '.tif')3632.jpg"
318974, Schola Elementaris Tripolis (ad mare),"('3377', '.tif')3644.jpg"
318974, Schola Elementaris Tripolis (ad mare),"('3377', '.tif')3676.jpg"
318974, Schola Elementaris Tripolis (ad mare),"('3377', '.tif')3692.jpg"
318974, Schola Elementaris Tripolis (ad mare),"('3377', '.tif')3696.jpg"
318974, Schola Elementaris Tripolis (ad mare),"('3377', '.tif')3732.jpg"
318978, Schola Elementaris pro Puellis Tripolis (ad mare),"('3378', '.tif')3211.jpg"
318978, Schola Elementaris pro Puellis Tripolis (ad mare),"('3378', '.tif')3225.jpg"
318978, Schola Elementaris pro Puellis Tripolis (ad mare),"('3378', '.tif')3226.jpg"
318978, Schola Elementaris pro Puellis Tripolis (ad mare),"('3378', '.tif')3231.jpg"
318978, Schola Elementaris pro Puellis Tripolis (ad mare),"('3378', '.tif')3238.jpg"
318978, Schola Elementaris pro Puellis Tripolis (ad mare),"('3378', '.tif')3267.jpg"
318978, Schola Elementaris pro Puellis Tripolis (ad mare),"('3378', '.tif')3274.jpg"
318978, Schola Elementaris pro Puellis Tripolis (ad mare),"('3378', '.tif')3281.jpg"
318978, Schola Elementaris pro Puellis Tripolis (ad mare),"('3378', '.tif')3282.jpg"
318978, Schola Elementaris pro Puellis Tripolis (ad mare),"('3378', '.tif')3298.jpg"
318978, Schola Elementaris pro Puellis Tripolis (ad mare),"('3378', '.tif')3612.jpg"
318978, Schola Elementaris pro Puellis Tripolis (ad mare),"('3378', '.tif')3643.jpg"
318978, Schola Elementaris pro Puellis Tripolis (ad mare),"('3378', '.tif')3646.jpg"
318978, Schola Elementaris pro Puellis Tripolis (ad mare),"('3378', '.tif')3716.jpg"
318978, Schola Elementaris pro Puellis Tripolis (ad mare),"('3378', '.tif')3718.jpg"
318978, Schola Elementaris pro Puellis Tripolis (ad mare),"('3378', '.tif')3720.jpg"
318978, Schola Elementaris pro Puellis Tripolis (ad mare),"('3378', '.tif')3723.jpg"
318978, Schola Elementaris pro Puellis Tripolis (ad mare),"('3378', '.tif')3742.jpg"
318978, Schola Elementaris pro Puellis Tripolis (ad mare),"('3378', '.tif')3839.jpg"
318978, Schola Elementaris pro Puellis Tripolis (ad mare),"('3378', '.tif')3850.jpg"
318978, Schola Elementaris pro Puellis Tripolis (ad mare),"('3378', '.tif')3863.jpg"
318978, Schola Elementaris pro Puellis Tripolis (ad mare),"('3378', '.tif')3868.jpg"
318978, Schola Elementaris pro Puellis Tripolis (ad mare),"('3378', '.tif')3883.jpg"
318978, Schola Elementaris pro Puellis Tripolis (ad mare),"('3378', '.tif')3914.jpg"
318978, Schola Elementaris pro Puellis Tripolis (ad mare),"('3378', '.tif')3927.jpg"
318978, Schola Elementaris pro Puellis Tripolis (ad mare),"('3378', '.tif')3959.jpg"
318978, Schola Elementaris pro Puellis Tripolis (ad mare),"('3378', '.tif')3966.jpg"
318978, Schola Elementaris pro Puellis Tripolis (ad mare),"('3378', '.tif')3974.jpg"
318978, Schola Elementaris pro Puellis Tripolis (ad mare),"('3378', '.tif')4064.jpg"
318978, Schola Elementaris pro Puellis Tripolis (ad mare),"('3378', '.tif')4068.jpg"
318978, Schola Elementaris pro Puellis Tripolis (ad mare),"('3378', '.tif')4082.jpg"
318978, Schola Elementaris pro Puellis Tripolis (ad mare),"('3378', '.tif')4110.jpg"
318978, Schola Elementaris pro Puellis Tripolis (ad mare),"('3378', '.tif')4112.jpg"
318978, Schola Elementaris pro Puellis Tripolis (ad mare),"('3378', '.tif')4113.jpg"
318978, Schola Elementaris pro Puellis Tripolis (ad mare),"('3378', '.tif')4115.jpg"
318978, Schola Elementaris pro Puellis Tripolis (ad mare),"('3378', '.tif')4140.jpg"
318978, Schola Elementaris pro Puellis Tripolis (ad mare),"('3378', '.tif')4143.jpg"
318978, Schola Elementaris pro Puellis Tripolis (ad mare),"('3378', '.tif')4165.jpg"
318978, Schola Elementaris pro Puellis Tripolis (ad mare),"('3378', '.tif')4202.jpg"
318978, Schola Elementaris pro Puellis Tripolis (ad mare),"('3378', '.tif')4271.jpg"
318978, Schola Elementaris pro Puellis Tripolis (ad mare),"('3378', '.tif')4342.jpg"
318978, Schola Elementaris pro Puellis Tripolis (ad mare),"('3378', '.tif')4368.jpg"
318978, Schola Elementaris pro Puellis Tripolis (ad mare),"('3378', '.tif')4384.jpg"
318978, Schola Elementaris pro Puellis Tripolis (ad mare),"('3378', '.tif')4389.jpg"
318978, Schola Elementaris pro Puellis Tripolis (ad mare),"('3378', '.tif')4400.jpg"
318978, Schola Elementaris pro Puellis Tripolis (ad mare),"('3378', '.tif')4401.jpg"
318978, Schola Elementaris pro Puellis Tripolis (ad mare),"('3378', '.tif')4410.jpg"
319347, Schola Elementaris Laodiceae,"('3380', '.tif')3150.jpg"
319347, Schola Elementaris Laodiceae,"('3380', '.tif')3311.jpg"
319347, Schola Elementaris Laodiceae,"('3380', '.tif')3315.jpg"
319347, Schola Elementaris Laodiceae,"('3380', '.tif')3592.jpg"
319347, Schola Elementaris Laodiceae,"('3380', '.tif')3754.jpg"
319347, Schola Elementaris Laodiceae,"('3380', '.tif')4090.jpg"
319353, Schola Elementaris Puellarum Laodiceae,"('3381', '.tif')2706.jpg"
319353, Schola Elementaris Puellarum Laodiceae,"('3381', '.tif')2726.jpg"
319353, Schola Elementaris Puellarum Laodiceae,"('3381', '.tif')3139.jpg"
319353, Schola Elementaris Puellarum Laodiceae,"('3381', '.tif')3152.jpg"
319353, Schola Elementaris Puellarum Laodiceae,"('3381', '.tif')3192.jpg"
319353, Schola Elementaris Puellarum Laodiceae,"('3381', '.tif')3260.jpg"
319353, Schola Elementaris Puellarum Laodiceae,"('3381', '.tif')3274.jpg"
319353, Schola Elementaris Puellarum Laodiceae,"('3381', '.tif')3332.jpg"
319353, Schola Elementaris Puellarum Laodiceae,"('3381', '.tif')3400.jpg"
319353, Schola Elementaris Puellarum Laodiceae,"('3381', '.tif')3463.jpg"
319353, Schola Elementaris Puellarum Laodiceae,"('3381', '.tif')3642.jpg"
319353, Schola Elementaris Puellarum Laodiceae,"('3381', '.tif')3756.jpg"
319353, Schola Elementaris Puellarum Laodiceae,"('3381', '.tif')3817.jpg"
319353, Schola Elementaris Puellarum Laodiceae,"('3381', '.tif')3826.jpg"
319353, Schola Elementaris Puellarum Laodiceae,"('3381', '.tif')3948.jpg"
319353, Schola Elementaris Puellarum Laodiceae,"('3381', '.tif')4098.jpg"
319383, Collegium Terrae S. Hierapolis (Aleppi),"('3384', '.tif')2881.jpg"
319383, Collegium Terrae S. Hierapolis (Aleppi),"('3384', '.tif')2886.jpg"
319383, Collegium Terrae S. Hierapolis (Aleppi),"('3384', '.tif')2908.jpg"
319383, Collegium Terrae S. Hierapolis (Aleppi),"('3384', '.tif')2958.jpg"
319383, Collegium Terrae S. Hierapolis (Aleppi),"('3384', '.tif')2968.jpg"
319383, Collegium Terrae S. Hierapolis (Aleppi),"('3384', '.tif')2972.jpg"
319383, Collegium Terrae S. Hierapolis (Aleppi),"('3384', '.tif')2978.jpg"
319383, Collegium Terrae S. Hierapolis (Aleppi),"('3384', '.tif')2979.jpg"
319383, Collegium Terrae S. Hierapolis (Aleppi),"('3384', '.tif')3009.jpg"
319383, Collegium Terrae S. Hierapolis (Aleppi),"('3384', '.tif')3012.jpg"
319383, Collegium Terrae S. Hierapolis (Aleppi),"('3384', '.tif')3050.jpg"
319383, Collegium Terrae S. Hierapolis (Aleppi),"('3384', '.tif')3054.jpg"
319383, Collegium Terrae S. Hierapolis (Aleppi),"('3384', '.tif')3059.jpg"
319383, Collegium Terrae S. Hierapolis (Aleppi),"('3384', '.tif')3076.jpg"
319383, Collegium Terrae S. Hierapolis (Aleppi),"('3384', '.tif')3079.jpg"
319383, Collegium Terrae S. Hierapolis (Aleppi),"('3384', '.tif')3117.jpg"
319383, Collegium Terrae S. Hierapolis (Aleppi),"('3384', '.tif')3122.jpg"
319383, Collegium Terrae S. Hierapolis (Aleppi),"('3384', '.tif')3133.jpg"
319383, Collegium Terrae S. Hierapolis (Aleppi),"('3384', '.tif')3152.jpg"
319383, Collegium Terrae S. Hierapolis (Aleppi),"('3384', '.tif')3153.jpg"
319383, Collegium Terrae S. Hierapolis (Aleppi),"('3384', '.tif')3159.jpg"
319383, Collegium Terrae S. Hierapolis (Aleppi),"('3384', '.tif')3219.jpg"
319383, Collegium Terrae S. Hierapolis (Aleppi),"('3384', '.tif')3223.jpg"
319383, Collegium Terrae S. Hierapolis (Aleppi),"('3384', '.tif')3224.jpg"
319383, Collegium Terrae S. Hierapolis (Aleppi),"('3384', '.tif')3243.jpg"
319383, Collegium Terrae S. Hierapolis (Aleppi),"('3384', '.tif')3247.jpg"
319383, Collegium Terrae S. Hierapolis (Aleppi),"('3384', '.tif')3256.jpg"
319383, Collegium Terrae S. Hierapolis (Aleppi),"('3384', '.tif')3313.jpg"
319383, Collegium Terrae S. Hierapolis (Aleppi),"('3384', '.tif')3387.jpg"
319383, Collegium Terrae S. Hierapolis (Aleppi),"('3384', '.tif')3400.jpg"
319383, Collegium Terrae S. Hierapolis (Aleppi),"('3384', '.tif')3431.jpg"
319383, Collegium Terrae S. Hierapolis (Aleppi),"('3384', '.tif')3463.jpg"
319383, Collegium Terrae S. Hierapolis (Aleppi),"('3384', '.tif')3475.jpg"
319383, Collegium Terrae S. Hierapolis (Aleppi),"('3384', '.tif')3484.jpg"
319383, Collegium Terrae S. Hierapolis (Aleppi),"('3384', '.tif')3485.jpg"
319383, Collegium Terrae S. Hierapolis (Aleppi),"('3384', '.tif')3629.jpg"
319384, Congregatio S. Francisci pro Alumnis Collegii T.S. Hierapolis specialiter instituta,"('3385', '.tif')2732.jpg"
319384, Congregatio S. Francisci pro Alumnis Collegii T.S. Hierapolis specialiter instituta,"('3385', '.tif')2760.jpg"
319384, Congregatio S. Francisci pro Alumnis Collegii T.S. Hierapolis specialiter instituta,"('3385', '.tif')2778.jpg"
319384, Congregatio S. Francisci pro Alumnis Collegii T.S. Hierapolis specialiter instituta,"('3385', '.tif')2789.jpg"
319384, Congregatio S. Francisci pro Alumnis Collegii T.S. Hierapolis specialiter instituta,"('3385', '.tif')2829.jpg"
319384, Congregatio S. Francisci pro Alumnis Collegii T.S. Hierapolis specialiter instituta,"('3385', '.tif')2935.jpg"
319384, Congregatio S. Francisci pro Alumnis Collegii T.S. Hierapolis specialiter instituta,"('3385', '.tif')2937.jpg"
319384, Congregatio S. Francisci pro Alumnis Collegii T.S. Hierapolis specialiter instituta,"('3385', '.tif')2975.jpg"
319384, Congregatio S. Francisci pro Alumnis Collegii T.S. Hierapolis specialiter instituta,"('3385', '.tif')2986.jpg"
319384, Congregatio S. Francisci pro Alumnis Collegii T.S. Hierapolis specialiter instituta,"('3385', '.tif')2991.jpg"
319384, Congregatio S. Francisci pro Alumnis Collegii T.S. Hierapolis specialiter instituta,"('3385', '.tif')3046.jpg"
319384, Congregatio S. Francisci pro Alumnis Collegii T.S. Hierapolis specialiter instituta,"('3385', '.tif')3052.jpg"
319384, Congregatio S. Francisci pro Alumnis Collegii T.S. Hierapolis specialiter instituta,"('3385', '.tif')3057.jpg"
319384, Congregatio S. Francisci pro Alumnis Collegii T.S. Hierapolis specialiter instituta,"('3385', '.tif')3075.jpg"
319384, Congregatio S. Francisci pro Alumnis Collegii T.S. Hierapolis specialiter instituta,"('3385', '.tif')3104.jpg"
319384, Congregatio S. Francisci pro Alumnis Collegii T.S. Hierapolis specialiter instituta,"('3385', '.tif')3194.jpg"
319384, Congregatio S. Francisci pro Alumnis Collegii T.S. Hierapolis specialiter instituta,"('3385', '.tif')3223.jpg"
319384, Congregatio S. Francisci pro Alumnis Collegii T.S. Hierapolis specialiter instituta,"('3385', '.tif')3239.jpg"
319384, Congregatio S. Francisci pro Alumnis Collegii T.S. Hierapolis specialiter instituta,"('3385', '.tif')3266.jpg"
319384, Congregatio S. Francisci pro Alumnis Collegii T.S. Hierapolis specialiter instituta,"('3385', '.tif')3336.jpg"
319384, Congregatio S. Francisci pro Alumnis Collegii T.S. Hierapolis specialiter instituta,"('3385', '.tif')3345.jpg"
319384, Congregatio S. Francisci pro Alumnis Collegii T.S. Hierapolis specialiter instituta,"('3385', '.tif')3418.jpg"
319384, Congregatio S. Francisci pro Alumnis Collegii T.S. Hierapolis specialiter instituta,"('3385', '.tif')3437.jpg"
319384, Congregatio S. Francisci pro Alumnis Collegii T.S. Hierapolis specialiter instituta,"('3385', '.tif')3453.jpg"
319384, Congregatio S. Francisci pro Alumnis Collegii T.S. Hierapolis specialiter instituta,"('3385', '.tif')3476.jpg"
319384, Congregatio S. Francisci pro Alumnis Collegii T.S. Hierapolis specialiter instituta,"('3385', '.tif')3479.jpg"
319384, Congregatio S. Francisci pro Alumnis Collegii T.S. Hierapolis specialiter instituta,"('3385', '.tif')3485.jpg"
319384, Congregatio S. Francisci pro Alumnis Collegii T.S. Hierapolis specialiter instituta,"('3385', '.tif')3504.jpg"
319384, Congregatio S. Francisci pro Alumnis Collegii T.S. Hierapolis specialiter instituta,"('3385', '.tif')3538.jpg"
319385, Schola Elementaris externa a Collegio Hierapolis distincta,"('3386', '.tif')2715.jpg"
319385, Schola Elementaris externa a Collegio Hierapolis distincta,"('3386', '.tif')2742.jpg"
319385, Schola Elementaris externa a Collegio Hierapolis distincta,"('3386', '.tif')2748.jpg"
319385, Schola Elementaris externa a Collegio Hierapolis distincta,"('3386', '.tif')2765.jpg"
319385, Schola Elementaris externa a Collegio Hierapolis distincta,"('3386', '.tif')2775.jpg"
319385, Schola Elementaris externa a Collegio Hierapolis distincta,"('3386', '.tif')3176.jpg"
319385, Schola Elementaris externa a Collegio Hierapolis distincta,"('3386', '.tif')3206.jpg"
319385, Schola Elementaris externa a Collegio Hierapolis distincta,"('3386', '.tif')3370.jpg"
319385, Schola Elementaris externa a Collegio Hierapolis distincta,"('3386', '.tif')3374.jpg"
319385, Schola Elementaris externa a Collegio Hierapolis distincta,"('3386', '.tif')3379.jpg"
319385, Schola Elementaris externa a Collegio Hierapolis distincta,"('3386', '.tif')3380.jpg"
319385, Schola Elementaris externa a Collegio Hierapolis distincta,"('3386', '.tif')3414.jpg"
319386, Schola Elementaris Antiochiae ad Taurum (Aintab) in Armenia Minori,"('3387', '.tif')3249.jpg"
319386, Schola Elementaris Antiochiae ad Taurum (Aintab) in Armenia Minori,"('3387', '.tif')3258.jpg"
319386, Schola Elementaris Antiochiae ad Taurum (Aintab) in Armenia Minori,"('3387', '.tif')3302.jpg"
319386, Schola Elementaris Antiochiae ad Taurum (Aintab) in Armenia Minori,"('3387', '.tif')3303.jpg"
319386, Schola Elementaris Antiochiae ad Taurum (Aintab) in Armenia Minori,"('3387', '.tif')3486.jpg"
319386, Schola Elementaris Antiochiae ad Taurum (Aintab) in Armenia Minori,"('3387', '.tif')3494.jpg"
319386, Schola Elementaris Antiochiae ad Taurum (Aintab) in Armenia Minori,"('3387', '.tif')3516.jpg"
319386, Schola Elementaris Antiochiae ad Taurum (Aintab) in Armenia Minori,"('3387', '.tif')3537.jpg"
319386, Schola Elementaris Antiochiae ad Taurum (Aintab) in Armenia Minori,"('3387', '.tif')3599.jpg"
319386, Schola Elementaris Antiochiae ad Taurum (Aintab) in Armenia Minori,"('3387', '.tif')3644.jpg"
319386, Schola Elementaris Antiochiae ad Taurum (Aintab) in Armenia Minori,"('3387', '.tif')3720.jpg"
319386, Schola Elementaris Antiochiae ad Taurum (Aintab) in Armenia Minori,"('3387', '.tif')3735.jpg"
319386, Schola Elementaris Antiochiae ad Taurum (Aintab) in Armenia Minori,"('3387', '.tif')4138.jpg"
319387, Schola Elementaris Puellarum Antiochiae ad Taurum (Aintab),"('3388', '.tif')3425.jpg"
319387, Schola Elementaris Puellarum Antiochiae ad Taurum (Aintab),"('3388', '.tif')3445.jpg"
319387, Schola Elementaris Puellarum Antiochiae ad Taurum (Aintab),"('3388', '.tif')3479.jpg"
319387, Schola Elementaris Puellarum Antiochiae ad Taurum (Aintab),"('3388', '.tif')3709.jpg"
319387, Schola Elementaris Puellarum Antiochiae ad Taurum (Aintab),"('3388', '.tif')3874.jpg"
319387, Schola Elementaris Puellarum Antiochiae ad Taurum (Aintab),"('3388', '.tif')4128.jpg"
319389, Schola Elementaris Maraasc,"('3390', '.tif')2892.jpg"
319389, Schola Elementaris Maraasc,"('3390', '.tif')2947.jpg"
319389, Schola Elementaris Maraasc,"('3390', '.tif')3008.jpg"
319389, Schola Elementaris Maraasc,"('3390', '.tif')3033.jpg"
319389, Schola Elementaris Maraasc,"('3390', '.tif')3041.jpg"
319389, Schola Elementaris Maraasc,"('3390', '.tif')3098.jpg"
319389, Schola Elementaris Maraasc,"('3390', '.tif')3121.jpg"
319389, Schola Elementaris Maraasc,"('3390', '.tif')3194.jpg"
319389, Schola Elementaris Maraasc,"('3390', '.tif')3209.jpg"
319389, Schola Elementaris Maraasc,"('3390', '.tif')3351.jpg"
319389, Schola Elementaris Maraasc,"('3390', '.tif')3389.jpg"
319389, Schola Elementaris Maraasc,"('3390', '.tif')3403.jpg"
319389, Schola Elementaris Maraasc,"('3390', '.tif')3462.jpg"
319389, Schola Elementaris Maraasc,"('3390', '.tif')3589.jpg"
319389, Schola Elementaris Maraasc,"('3390', '.tif')3668.jpg"
319389, Schola Elementaris Maraasc,"('3390', '.tif')3671.jpg"
319389, Schola Elementaris Maraasc,"('3390', '.tif')3769.jpg"
319389, Schola Elementaris Maraasc,"('3390', '.tif')3793.jpg"
319389, Schola Elementaris Maraasc,"('3390', '.tif')3838.jpg"
319389, Schola Elementaris Maraasc,"('3390', '.tif')3910.jpg"
319389, Schola Elementaris Maraasc,"('3390', '.tif')3936.jpg"
319389, Schola Elementaris Maraasc,"('3390', '.tif')3944.jpg"
319389, Schola Elementaris Maraasc,"('3390', '.tif')3959.jpg"
319389, Schola Elementaris Maraasc,"('3390', '.tif')3972.jpg"
319389, Schola Elementaris Maraasc,"('3390', '.tif')3985.jpg"
319389, Schola Elementaris Maraasc,"('3390', '.tif')4002.jpg"
319389, Schola Elementaris Maraasc,"('3390', '.tif')4200.jpg"
319389, Schola Elementaris Maraasc,"('3390', '.tif')4239.jpg"
319390, Schola Elementaris Puellarum Maraasc,"('3391', '.tif')2224.jpg"
319390, Schola Elementaris Puellarum Maraasc,"('3391', '.tif')2246.jpg"
319390, Schola Elementaris Puellarum Maraasc,"('3391', '.tif')2302.jpg"
319390, Schola Elementaris Puellarum Maraasc,"('3391', '.tif')2303.jpg"
319390, Schola Elementaris Puellarum Maraasc,"('3391', '.tif')2308.jpg"
319390, Schola Elementaris Puellarum Maraasc,"('3391', '.tif')2384.jpg"
319390, Schola Elementaris Puellarum Maraasc,"('3391', '.tif')2681.jpg"
319390, Schola Elementaris Puellarum Maraasc,"('3391', '.tif')2693.jpg"
319390, Schola Elementaris Puellarum Maraasc,"('3391', '.tif')2709.jpg"
319390, Schola Elementaris Puellarum Maraasc,"('3391', '.tif')2714.jpg"
319390, Schola Elementaris Puellarum Maraasc,"('3391', '.tif')2727.jpg"
319390, Schola Elementaris Puellarum Maraasc,"('3391', '.tif')2756.jpg"
319390, Schola Elementaris Puellarum Maraasc,"('3391', '.tif')2782.jpg"
319390, Schola Elementaris Puellarum Maraasc,"('3391', '.tif')2845.jpg"
319390, Schola Elementaris Puellarum Maraasc,"('3391', '.tif')3024.jpg"
319390, Schola Elementaris Puellarum Maraasc,"('3391', '.tif')3079.jpg"
319390, Schola Elementaris Puellarum Maraasc,"('3391', '.tif')3209.jpg"
319390, Schola Elementaris Puellarum Maraasc,"('3391', '.tif')3239.jpg"
319390, Schola Elementaris Puellarum Maraasc,"('3391', '.tif')3252.jpg"
319390, Schola Elementaris Puellarum Maraasc,"('3391', '.tif')3347.jpg"
319390, Schola Elementaris Puellarum Maraasc,"('3391', '.tif')3442.jpg"
319390, Schola Elementaris Puellarum Maraasc,"('3391', '.tif')3450.jpg"
319390, Schola Elementaris Puellarum Maraasc,"('3391', '.tif')3532.jpg"
319926, Schola Elementaris Arnicae in Cypro,"('3396', '.tif')3190.jpg"
319926, Schola Elementaris Arnicae in Cypro,"('3396', '.tif')3198.jpg"
319926, Schola Elementaris Arnicae in Cypro,"('3396', '.tif')3312.jpg"
319926, Schola Elementaris Arnicae in Cypro,"('3396', '.tif')3373.jpg"
319926, Schola Elementaris Arnicae in Cypro,"('3396', '.tif')3398.jpg"
319926, Schola Elementaris Arnicae in Cypro,"('3396', '.tif')3435.jpg"
319926, Schola Elementaris Arnicae in Cypro,"('3396', '.tif')3447.jpg"
319926, Schola Elementaris Arnicae in Cypro,"('3396', '.tif')3620.jpg"
319926, Schola Elementaris Arnicae in Cypro,"('3396', '.tif')3677.jpg"
319926, Schola Elementaris Arnicae in Cypro,"('3396', '.tif')3703.jpg"
319926, Schola Elementaris Arnicae in Cypro,"('3396', '.tif')3725.jpg"
319926, Schola Elementaris Arnicae in Cypro,"('3396', '.tif')3846.jpg"
319926, Schola Elementaris Arnicae in Cypro,"('3396', '.tif')4196.jpg"
319926, Schola Elementaris Arnicae in Cypro,"('3396', '.tif')4243.jpg"
319926, Schola Elementaris Arnicae in Cypro,"('3396', '.tif')4254.jpg"
319926, Schola Elementaris Arnicae in Cypro,"('3396', '.tif')4316.jpg"
319926, Schola Elementaris Arnicae in Cypro,"('3396', '.tif')4438.jpg"
319926, Schola Elementaris Arnicae in Cypro,"('3396', '.tif')4506.jpg"
319926, Schola Elementaris Arnicae in Cypro,"('3396', '.tif')4585.jpg"
319946, Orphanotrophium et Schola Elementaris Amathuntis  (Limassol) in Cypro,"('3398', '.tif')3392.jpg"
319946, Orphanotrophium et Schola Elementaris Amathuntis  (Limassol) in Cypro,"('3398', '.tif')3425.jpg"
319946, Orphanotrophium et Schola Elementaris Amathuntis  (Limassol) in Cypro,"('3398', '.tif')3588.jpg"
319946, Orphanotrophium et Schola Elementaris Amathuntis  (Limassol) in Cypro,"('3398', '.tif')3616.jpg"
319946, Orphanotrophium et Schola Elementaris Amathuntis  (Limassol) in Cypro,"('3398', '.tif')3706.jpg"
319946, Orphanotrophium et Schola Elementaris Amathuntis  (Limassol) in Cypro,"('3398', '.tif')3929.jpg"
319946, Orphanotrophium et Schola Elementaris Amathuntis  (Limassol) in Cypro,"('3398', '.tif')4019.jpg"
319946, Orphanotrophium et Schola Elementaris Amathuntis  (Limassol) in Cypro,"('3398', '.tif')4179.jpg"
319946, Orphanotrophium et Schola Elementaris Amathuntis  (Limassol) in Cypro,"('3398', '.tif')4306.jpg"
319963, Schola Elementaris Nicosiae in Cypro,"('3400', '.tif')2674.jpg"
319963, Schola Elementaris Nicosiae in Cypro,"('3400', '.tif')2805.jpg"
319997, Schola Arabica Terrae S. Alexandriae in Aegypto,"('3403', '.tif')2895.jpg"
319997, Schola Arabica Terrae S. Alexandriae in Aegypto,"('3403', '.tif')2931.jpg"
319997, Schola Arabica Terrae S. Alexandriae in Aegypto,"('3403', '.tif')2990.jpg"
319997, Schola Arabica Terrae S. Alexandriae in Aegypto,"('3403', '.tif')3000.jpg"
319997, Schola Arabica Terrae S. Alexandriae in Aegypto,"('3403', '.tif')3002.jpg"
319997, Schola Arabica Terrae S. Alexandriae in Aegypto,"('3403', '.tif')3064.jpg"
319997, Schola Arabica Terrae S. Alexandriae in Aegypto,"('3403', '.tif')3097.jpg"
319997, Schola Arabica Terrae S. Alexandriae in Aegypto,"('3403', '.tif')3148.jpg"
319997, Schola Arabica Terrae S. Alexandriae in Aegypto,"('3403', '.tif')3221.jpg"
319997, Schola Arabica Terrae S. Alexandriae in Aegypto,"('3403', '.tif')3245.jpg"
319997, Schola Arabica Terrae S. Alexandriae in Aegypto,"('3403', '.tif')3286.jpg"
319997, Schola Arabica Terrae S. Alexandriae in Aegypto,"('3403', '.tif')3295.jpg"
319997, Schola Arabica Terrae S. Alexandriae in Aegypto,"('3403', '.tif')3297.jpg"
319997, Schola Arabica Terrae S. Alexandriae in Aegypto,"('3403', '.tif')3308.jpg"
319997, Schola Arabica Terrae S. Alexandriae in Aegypto,"('3403', '.tif')3703.jpg"
319997, Schola Arabica Terrae S. Alexandriae in Aegypto,"('3403', '.tif')3739.jpg"
319997, Schola Arabica Terrae S. Alexandriae in Aegypto,"('3403', '.tif')3760.jpg"
319997, Schola Arabica Terrae S. Alexandriae in Aegypto,"('3403', '.tif')3786.jpg"
319997, Schola Arabica Terrae S. Alexandriae in Aegypto,"('3403', '.tif')3798.jpg"
319997, Schola Arabica Terrae S. Alexandriae in Aegypto,"('3403', '.tif')3804.jpg"
319997, Schola Arabica Terrae S. Alexandriae in Aegypto,"('3403', '.tif')3812.jpg"
319997, Schola Arabica Terrae S. Alexandriae in Aegypto,"('3403', '.tif')3834.jpg"
319997, Schola Arabica Terrae S. Alexandriae in Aegypto,"('3403', '.tif')3845.jpg"
319997, Schola Arabica Terrae S. Alexandriae in Aegypto,"('3403', '.tif')3859.jpg"
319997, Schola Arabica Terrae S. Alexandriae in Aegypto,"('3403', '.tif')3871.jpg"
319997, Schola Arabica Terrae S. Alexandriae in Aegypto,"('3403', '.tif')3923.jpg"
319997, Schola Arabica Terrae S. Alexandriae in Aegypto,"('3403', '.tif')3924.jpg"
319997, Schola Arabica Terrae S. Alexandriae in Aegypto,"('3403', '.tif')3936.jpg"
319997, Schola Arabica Terrae S. Alexandriae in Aegypto,"('3403', '.tif')3960.jpg"
319997, Schola Arabica Terrae S. Alexandriae in Aegypto,"('3403', '.tif')3983.jpg"
319997, Schola Arabica Terrae S. Alexandriae in Aegypto,"('3403', '.tif')4013.jpg"
319997, Schola Arabica Terrae S. Alexandriae in Aegypto,"('3403', '.tif')4039.jpg"
319997, Schola Arabica Terrae S. Alexandriae in Aegypto,"('3403', '.tif')4073.jpg"
319997, Schola Arabica Terrae S. Alexandriae in Aegypto,"('3403', '.tif')4146.jpg"
319997, Schola Arabica Terrae S. Alexandriae in Aegypto,"('3403', '.tif')4168.jpg"
319997, Schola Arabica Terrae S. Alexandriae in Aegypto,"('3403', '.tif')4175.jpg"
319997, Schola Arabica Terrae S. Alexandriae in Aegypto,"('3403', '.tif')4255.jpg"
319997, Schola Arabica Terrae S. Alexandriae in Aegypto,"('3403', '.tif')4268.jpg"
319997, Schola Arabica Terrae S. Alexandriae in Aegypto,"('3403', '.tif')4274.jpg"
319997, Schola Arabica Terrae S. Alexandriae in Aegypto,"('3403', '.tif')4311.jpg"
319997, Schola Arabica Terrae S. Alexandriae in Aegypto,"('3403', '.tif')4366.jpg"
319997, Schola Arabica Terrae S. Alexandriae in Aegypto,"('3403', '.tif')4410.jpg"
319997, Schola Arabica Terrae S. Alexandriae in Aegypto,"('3403', '.tif')4494.jpg"
319997, Schola Arabica Terrae S. Alexandriae in Aegypto,"('3403', '.tif')4498.jpg"
319997, Schola Arabica Terrae S. Alexandriae in Aegypto,"('3403', '.tif')4513.jpg"
319997, Schola Arabica Terrae S. Alexandriae in Aegypto,"('3403', '.tif')4517.jpg"
319997, Schola Arabica Terrae S. Alexandriae in Aegypto,"('3403', '.tif')4520.jpg"
319997, Schola Arabica Terrae S. Alexandriae in Aegypto,"('3403', '.tif')4535.jpg"
319997, Schola Arabica Terrae S. Alexandriae in Aegypto,"('3403', '.tif')4566.jpg"
319997, Schola Arabica Terrae S. Alexandriae in Aegypto,"('3403', '.tif')4615.jpg"
319997, Schola Arabica Terrae S. Alexandriae in Aegypto,"('3403', '.tif')4652.jpg"
319997, Schola Arabica Terrae S. Alexandriae in Aegypto,"('3403', '.tif')4727.jpg"
319997, Schola Arabica Terrae S. Alexandriae in Aegypto,"('3403', '.tif')4733.jpg"
319997, Schola Arabica Terrae S. Alexandriae in Aegypto,"('3403', '.tif')4752.jpg"
319997, Schola Arabica Terrae S. Alexandriae in Aegypto,"('3403', '.tif')4753.jpg"
319997, Schola Arabica Terrae S. Alexandriae in Aegypto,"('3403', '.tif')4763.jpg"
319997, Schola Arabica Terrae S. Alexandriae in Aegypto,"('3403', '.tif')4796.jpg"
319997, Schola Arabica Terrae S. Alexandriae in Aegypto,"('3403', '.tif')4823.jpg"
319997, Schola Arabica Terrae S. Alexandriae in Aegypto,"('3403', '.tif')4891.jpg"
319997, Schola Arabica Terrae S. Alexandriae in Aegypto,"('3403', '.tif')4896.jpg"
319997, Schola Arabica Terrae S. Alexandriae in Aegypto,"('3403', '.tif')4976.jpg"
319997, Schola Arabica Terrae S. Alexandriae in Aegypto,"('3403', '.tif')4995.jpg"
319997, Schola Arabica Terrae S. Alexandriae in Aegypto,"('3403', '.tif')5056.jpg"
319997, Schola Arabica Terrae S. Alexandriae in Aegypto,"('3403', '.tif')5058.jpg"
319997, Schola Arabica Terrae S. Alexandriae in Aegypto,"('3403', '.tif')5072.jpg"
319997, Schola Arabica Terrae S. Alexandriae in Aegypto,"('3403', '.tif')5093.jpg"
319997, Schola Arabica Terrae S. Alexandriae in Aegypto,"('3403', '.tif')5112.jpg"
319997, Schola Arabica Terrae S. Alexandriae in Aegypto,"('3403', '.tif')5119.jpg"
319997, Schola Arabica Terrae S. Alexandriae in Aegypto,"('3403', '.tif')5122.jpg"
319997, Schola Arabica Terrae S. Alexandriae in Aegypto,"('3403', '.tif')5128.jpg"
319997, Schola Arabica Terrae S. Alexandriae in Aegypto,"('3403', '.tif')5141.jpg"
320006, Schola Elementaris Kafr-Zajat,"('3407', '.tif')2192.jpg"
320006, Schola Elementaris Kafr-Zajat,"('3407', '.tif')2299.jpg"
320006, Schola Elementaris Kafr-Zajat,"('3407', '.tif')2358.jpg"
320006, Schola Elementaris Kafr-Zajat,"('3407', '.tif')2364.jpg"
320006, Schola Elementaris Kafr-Zajat,"('3407', '.tif')2383.jpg"
320006, Schola Elementaris Kafr-Zajat,"('3407', '.tif')2396.jpg"
320006, Schola Elementaris Kafr-Zajat,"('3407', '.tif')2449.jpg"
320006, Schola Elementaris Kafr-Zajat,"('3407', '.tif')2460.jpg"
320006, Schola Elementaris Kafr-Zajat,"('3407', '.tif')2581.jpg"
320006, Schola Elementaris Kafr-Zajat,"('3407', '.tif')2647.jpg"
320006, Schola Elementaris Kafr-Zajat,"('3407', '.tif')2766.jpg"
320006, Schola Elementaris Kafr-Zajat,"('3407', '.tif')2845.jpg"
320006, Schola Elementaris Kafr-Zajat,"('3407', '.tif')2886.jpg"
320006, Schola Elementaris Kafr-Zajat,"('3407', '.tif')2899.jpg"
320006, Schola Elementaris Kafr-Zajat,"('3407', '.tif')2913.jpg"
320006, Schola Elementaris Kafr-Zajat,"('3407', '.tif')2927.jpg"
320006, Schola Elementaris Kafr-Zajat,"('3407', '.tif')3050.jpg"
320006, Schola Elementaris Kafr-Zajat,"('3407', '.tif')3089.jpg"
320006, Schola Elementaris Kafr-Zajat,"('3407', '.tif')3232.jpg"
320006, Schola Elementaris Kafr-Zajat,"('3407', '.tif')3243.jpg"
320006, Schola Elementaris Kafr-Zajat,"('3407', '.tif')3530.jpg"
320006, Schola Elementaris Kafr-Zajat,"('3407', '.tif')3630.jpg"
320006, Schola Elementaris Kafr-Zajat,"('3407', '.tif')3642.jpg"
320006, Schola Elementaris Kafr-Zajat,"('3407', '.tif')4547.jpg"
320008, Hospitium et Ecclesia Parochialis Damiatae in Aegypto,"('3408', '.tif')5056.jpg"
320014, Schola Elementaris Mansurae,"('3410', '.tif')1606.jpg"
320014, Schola Elementaris Mansurae,"('3410', '.tif')1761.jpg"
320014, Schola Elementaris Mansurae,"('3410', '.tif')2089.jpg"
320014, Schola Elementaris Mansurae,"('3410', '.tif')2216.jpg"
320014, Schola Elementaris Mansurae,"('3410', '.tif')2244.jpg"
320014, Schola Elementaris Mansurae,"('3410', '.tif')2315.jpg"
320014, Schola Elementaris Mansurae,"('3410', '.tif')2320.jpg"
320014, Schola Elementaris Mansurae,"('3410', '.tif')2357.jpg"
320014, Schola Elementaris Mansurae,"('3410', '.tif')2434.jpg"
320014, Schola Elementaris Mansurae,"('3410', '.tif')2484.jpg"
320014, Schola Elementaris Mansurae,"('3410', '.tif')2492.jpg"
320014, Schola Elementaris Mansurae,"('3410', '.tif')2912.jpg"
320014, Schola Elementaris Mansurae,"('3410', '.tif')2942.jpg"
320014, Schola Elementaris Mansurae,"('3410', '.tif')2981.jpg"
320014, Schola Elementaris Mansurae,"('3410', '.tif')2988.jpg"
320014, Schola Elementaris Mansurae,"('3410', '.tif')3002.jpg"
320014, Schola Elementaris Mansurae,"('3410', '.tif')3024.jpg"
320014, Schola Elementaris Mansurae,"('3410', '.tif')3026.jpg"
320014, Schola Elementaris Mansurae,"('3410', '.tif')3082.jpg"
320014, Schola Elementaris Mansurae,"('3410', '.tif')3094.jpg"
320014, Schola Elementaris Mansurae,"('3410', '.tif')3185.jpg"
320014, Schola Elementaris Mansurae,"('3410', '.tif')3276.jpg"
320014, Schola Elementaris Mansurae,"('3410', '.tif')3424.jpg"
320014, Schola Elementaris Mansurae,"('3410', '.tif')3471.jpg"
320014, Schola Elementaris Mansurae,"('3410', '.tif')3488.jpg"
320014, Schola Elementaris Mansurae,"('3410', '.tif')3503.jpg"
320014, Schola Elementaris Mansurae,"('3410', '.tif')3507.jpg"
320014, Schola Elementaris Mansurae,"('3410', '.tif')3540.jpg"
320014, Schola Elementaris Mansurae,"('3410', '.tif')3615.jpg"
320014, Schola Elementaris Mansurae,"('3410', '.tif')3630.jpg"
320014, Schola Elementaris Mansurae,"('3410', '.tif')3874.jpg"
320014, Schola Elementaris Mansurae,"('3410', '.tif')3888.jpg"
320014, Schola Elementaris Mansurae,"('3410', '.tif')3935.jpg"
320014, Schola Elementaris Mansurae,"('3410', '.tif')3993.jpg"
320014, Schola Elementaris Mansurae,"('3410', '.tif')4027.jpg"
320014, Schola Elementaris Mansurae,"('3410', '.tif')4038.jpg"
320014, Schola Elementaris Mansurae,"('3410', '.tif')4039.jpg"
320014, Schola Elementaris Mansurae,"('3410', '.tif')4090.jpg"
320014, Schola Elementaris Mansurae,"('3410', '.tif')4562.jpg"
320014, Schola Elementaris Mansurae,"('3410', '.tif')4616.jpg"
320014, Schola Elementaris Mansurae,"('3410', '.tif')4652.jpg"
320014, Schola Elementaris Mansurae,"('3410', '.tif')4700.jpg"
320014, Schola Elementaris Mansurae,"('3410', '.tif')4779.jpg"
320014, Schola Elementaris Mansurae,"('3410', '.tif')4790.jpg"
320014, Schola Elementaris Mansurae,"('3410', '.tif')4850.jpg"
320163, Schola Elementaris Suez,"('3417', '.tif')2603.jpg"
320163, Schola Elementaris Suez,"('3417', '.tif')2619.jpg"
320163, Schola Elementaris Suez,"('3417', '.tif')2647.jpg"
320163, Schola Elementaris Suez,"('3417', '.tif')2720.jpg"
320163, Schola Elementaris Suez,"('3417', '.tif')2809.jpg"
320163, Schola Elementaris Suez,"('3417', '.tif')3315.jpg"
320163, Schola Elementaris Suez,"('3417', '.tif')3340.jpg"
320163, Schola Elementaris Suez,"('3417', '.tif')3378.jpg"
320163, Schola Elementaris Suez,"('3417', '.tif')3405.jpg"
320163, Schola Elementaris Suez,"('3417', '.tif')3407.jpg"
320163, Schola Elementaris Suez,"('3417', '.tif')3421.jpg"
320163, Schola Elementaris Suez,"('3417', '.tif')3477.jpg"
320163, Schola Elementaris Suez,"('3417', '.tif')3584.jpg"
320163, Schola Elementaris Suez,"('3417', '.tif')3600.jpg"
320163, Schola Elementaris Suez,"('3417', '.tif')3700.jpg"
320163, Schola Elementaris Suez,"('3417', '.tif')3702.jpg"
320163, Schola Elementaris Suez,"('3417', '.tif')3717.jpg"
320163, Schola Elementaris Suez,"('3417', '.tif')3721.jpg"
320163, Schola Elementaris Suez,"('3417', '.tif')3759.jpg"
320163, Schola Elementaris Suez,"('3417', '.tif')4491.jpg"
320163, Schola Elementaris Suez,"('3417', '.tif')4561.jpg"
320163, Schola Elementaris Suez,"('3417', '.tif')4573.jpg"
320163, Schola Elementaris Suez,"('3417', '.tif')4579.jpg"
320163, Schola Elementaris Suez,"('3417', '.tif')4643.jpg"
320176, Schola Elementaris Ismailiae,"('3419', '.tif')2250.jpg"
320176, Schola Elementaris Ismailiae,"('3419', '.tif')2280.jpg"
320176, Schola Elementaris Ismailiae,"('3419', '.tif')2380.jpg"
320176, Schola Elementaris Ismailiae,"('3419', '.tif')2404.jpg"
320176, Schola Elementaris Ismailiae,"('3419', '.tif')2417.jpg"
320176, Schola Elementaris Ismailiae,"('3419', '.tif')2437.jpg"
320176, Schola Elementaris Ismailiae,"('3419', '.tif')2585.jpg"
320176, Schola Elementaris Ismailiae,"('3419', '.tif')2702.jpg"
320176, Schola Elementaris Ismailiae,"('3419', '.tif')2708.jpg"
320176, Schola Elementaris Ismailiae,"('3419', '.tif')2928.jpg"
320176, Schola Elementaris Ismailiae,"('3419', '.tif')3046.jpg"
320176, Schola Elementaris Ismailiae,"('3419', '.tif')3172.jpg"
320176, Schola Elementaris Ismailiae,"('3419', '.tif')3179.jpg"
320176, Schola Elementaris Ismailiae,"('3419', '.tif')3207.jpg"
320176, Schola Elementaris Ismailiae,"('3419', '.tif')3270.jpg"
320176, Schola Elementaris Ismailiae,"('3419', '.tif')3676.jpg"
320176, Schola Elementaris Ismailiae,"('3419', '.tif')3728.jpg"
320176, Schola Elementaris Ismailiae,"('3419', '.tif')3777.jpg"
320176, Schola Elementaris Ismailiae,"('3419', '.tif')3842.jpg"
320176, Schola Elementaris Ismailiae,"('3419', '.tif')3843.jpg"
320176, Schola Elementaris Ismailiae,"('3419', '.tif')4132.jpg"
320176, Schola Elementaris Ismailiae,"('3419', '.tif')4360.jpg"
320195, Schola Elementaris Portus-Said,"('3421', '.tif')2541.jpg"
320195, Schola Elementaris Portus-Said,"('3421', '.tif')2543.jpg"
320195, Schola Elementaris Portus-Said,"('3421', '.tif')2572.jpg"
320195, Schola Elementaris Portus-Said,"('3421', '.tif')2575.jpg"
320195, Schola Elementaris Portus-Said,"('3421', '.tif')2605.jpg"
320195, Schola Elementaris Portus-Said,"('3421', '.tif')2851.jpg"
320195, Schola Elementaris Portus-Said,"('3421', '.tif')2980.jpg"
320195, Schola Elementaris Portus-Said,"('3421', '.tif')3020.jpg"
320195, Schola Elementaris Portus-Said,"('3421', '.tif')3024.jpg"
320195, Schola Elementaris Portus-Said,"('3421', '.tif')3062.jpg"
320195, Schola Elementaris Portus-Said,"('3421', '.tif')3075.jpg"
320195, Schola Elementaris Portus-Said,"('3421', '.tif')3078.jpg"
320195, Schola Elementaris Portus-Said,"('3421', '.tif')3385.jpg"
320195, Schola Elementaris Portus-Said,"('3421', '.tif')3447.jpg"
320195, Schola Elementaris Portus-Said,"('3421', '.tif')3466.jpg"
320195, Schola Elementaris Portus-Said,"('3421', '.tif')3475.jpg"
320195, Schola Elementaris Portus-Said,"('3421', '.tif')3676.jpg"
320195, Schola Elementaris Portus-Said,"('3421', '.tif')3730.jpg"
320195, Schola Elementaris Portus-Said,"('3421', '.tif')3808.jpg"
320195, Schola Elementaris Portus-Said,"('3421', '.tif')3817.jpg"
320195, Schola Elementaris Portus-Said,"('3421', '.tif')3834.jpg"
320195, Schola Elementaris Portus-Said,"('3421', '.tif')3852.jpg"
320195, Schola Elementaris Portus-Said,"('3421', '.tif')4181.jpg"
320195, Schola Elementaris Portus-Said,"('3421', '.tif')4214.jpg"
320195, Schola Elementaris Portus-Said,"('3421', '.tif')4234.jpg"
320195, Schola Elementaris Portus-Said,"('3421', '.tif')4242.jpg"
328424, Canae,"('3444', '.tif')3109.jpg"
329054, Portiers du St. Sepulcre,"('3491', '.tif')1622.jpg"
329054, Portiers du St. Sepulcre,"('3491', '.tif')1844.jpg"
329998, Untitled,"('3532', '.tif')2270.jpg"
329261, Femmes du Mt. Carmel,"('3587', '.tif')1791.jpg"
332193, Bethlehem,"('3620', '.tif')1602.jpg"
322442, Le Carmel :,"('3707', '.tif')2229.jpg"
322450, Le Carmel :,"('3708', '.tif')2578.jpg"
322450, Le Carmel :,"('3708', '.tif')2906.jpg"
322450, Le Carmel :,"('3708', '.tif')3454.jpg"
322466, Nazareth :,"('3711', '.tif')3090.jpg"
322715, Nazareth :,"('3712', '.tif')2890.jpg"
322715, Nazareth :,"('3712', '.tif')2897.jpg"
322715, Nazareth :,"('3712', '.tif')3078.jpg"
322715, Nazareth :,"('3712', '.tif')3132.jpg"
322715, Nazareth :,"('3712', '.tif')3166.jpg"
322932, Jérusalem :,"('3746', '.tif')2482.jpg"
322932, Jérusalem :,"('3746', '.tif')2747.jpg"
322932, Jérusalem :,"('3746', '.tif')2752.jpg"
322932, Jérusalem :,"('3746', '.tif')2949.jpg"
323031, Bethléem et Environs :,"('3761', '.tif')2270.jpg"
323031, Bethléem et Environs :,"('3761', '.tif')3132.jpg"
287357, Groupe d'inhabitants de la ville,"('3856', '.tif')2354.jpg"
287357, Groupe d'inhabitants de la ville,"('3856', '.tif')3462.jpg"
335762, Le Jourdain :,"('3896', '.tif')2905.jpg"
327981, 1° station :,"('3985', '.tif')2524.jpg"
327981, 1° station :,"('3985', '.tif')2554.jpg"
328004, Rue des chretiens,"('3994', '.tif')2833.jpg"
328006, Escalier du St. Sepulcre:,"('3995', '.tif')1940.jpg"
328006, Escalier du St. Sepulcre:,"('3995', '.tif')2435.jpg"
328034, [Gardiens] du St. Sepulcre,"('3998', '.tif')2237.jpg"
328034, [Gardiens] du St. Sepulcre,"('3998', '.tif')2489.jpg"
328045, St. Sepulcre,"('4001', '.tif')1757.jpg"
294942, Jerusalem :,"('4061', '.tif')4171.jpg"
294942, Jerusalem :,"('4072a', '.tif')1093.jpg"
294942, Jerusalem :,"('4072c', '.tif')984.jpg"
340380, [Russian title] :,"('4214', '.tif')2327.jpg"
340474," Archimandrite Nesfit, Barone Ungern, N.V. Poggentol","('4223', '.tif')3908.jpg"
340479," Monaco Milziadil, Barone Ungern, and Bedouin Vegga","('4224', '.tif')1308.jpg"
342686, [Russian title] :,"('4283', '.tif')1021.jpg"
344824, Untitled,"('4380', '.tif')4339.jpg"
344826, Untitled,"('4382', '.tif')3050.jpg"
344826, Untitled,"('4382', '.tif')3077.jpg"
344826, Untitled,"('4382', '.tif')3945.jpg"
344852, Untitled,"('4396', '.tif')4958.jpg"
345056, [Mme Le Girse--Kammal Bey],"('4430', '.tif')949.jpg"
345068, Poste Francaise à Jerusalem,"('4433', '.tif')1401.jpg"
345083, Un officier Turc--Un [Karrak] du Consulat,"('4440', '.tif')1801.jpg"
345083, Un officier Turc--Un [Karrak] du Consulat,"('4440', '.tif')2033.jpg"
345636, [Depart du Tapis sacré--Le Caire,"('4473', '.tif')1535.jpg"
345650, Mon [Karrak]--Beyroutte,"('4477', '.tif')871.jpg"
346023, Untitled,"('4503', '.tif')2025.jpg"
346042, Ghamil,"('4507', '.tif')2006.jpg"
346053, Ghamil,"('4510', '.tif')1771.jpg"
346053, Ghamil,"('4510', '.tif')1923.jpg"
346059, Ghamil,"('4511', '.tif')1903.jpg"
346070, Rue,"('4519', '.tif')2733.jpg"
346359, Le S. Sepulchre :,"('4544', '.tif')4316.jpg"
346367, Bethléem,"('4547', '.tif')2170.jpg"
346367, Bethléem,"('4547', '.tif')2262.jpg"
346379, Janvier 1927,"('4550', '.tif')1959.jpg"
350064, Séminaire de Sainte-Anne,"('4883', '.tif')1401.jpg"
350064, Séminaire de Sainte-Anne,"('4883', '.tif')1583.jpg"
350064, Séminaire de Sainte-Anne,"('4883', '.tif')1909.jpg"
352213, Jeunes Filles du Carmel,"('4971', '.tif')2058.jpg"
352213, Jeunes Filles du Carmel,"('4971', '.tif')2164.jpg"
352213, Jeunes Filles du Carmel,"('4971', '.tif')2920.jpg"
352650, Groupe d'Enfants a Nazareth,"('4979', '.tif')1989.jpg"
352650, Groupe d'Enfants a Nazareth,"('4979', '.tif')2624.jpg"
352650, Groupe d'Enfants a Nazareth,"('4979', '.tif')2661.jpg"
352650, Groupe d'Enfants a Nazareth,"('4979', '.tif')2778.jpg"
354806, Jeune Fille du Liban,"('5045', '.tif')1389.jpg"
355573, Fils de Cheik,"('5060', '.tif')1686.jpg"
358016, Water Carriers--Characteristic of Egypt from the Time of Moses to the Present,"('5149', '.tif')573.jpg"
359675, A Woman of Samaria--In the Ancient Capital of Israel,"('5236', '.tif')1997.jpg"
366771, Die Alliance Jsraelit-Schule,"('5712', '.tif')3968.jpg"
366771, Die Alliance Jsraelit-Schule,"('5712', '.tif')3976.jpg"
366771, Die Alliance Jsraelit-Schule,"('5712', '.tif')4204.jpg"
366785, Die Alliance Jsraelit-Schule,"('5713', '.tif')3968.jpg"
366785, Die Alliance Jsraelit-Schule,"('5713', '.tif')3976.jpg"
366785, Die Alliance Jsraelit-Schule,"('5713', '.tif')4204.jpg"
367477, Luogo del Battesimo,"('5761', '.tif')2499.jpg"
384122, 1893--11 A[vril] :,"('5822', '.tif')2031.jpg"
384122, 1893--11 A[vril] :,"('ALBUM_76_color', '.tif')2660.jpg"
384122, 1893--11 A[vril] :,"('ALBUM_76_color', '.tif')2719.jpg"
384122, 1893--11 A[vril] :,"('ALBUM_80_009', '.tif')5379.jpg"
384122, 1893--11 A[vril] :,"('ALBUM_80_010', '.tif')1829.jpg"
384122, 1893--11 A[vril] :,"('ALBUM_80_010', '.tif')2062.jpg"
384122, 1893--11 A[vril] :,"('ALBUM_80_014', '.tif')5508.jpg"
384122, 1893--11 A[vril] :,"('ALBUM_80_018', '.tif')4742.jpg"
384122, 1893--11 A[vril] :,"('ALBUM_80_025', '.tif')4753.jpg"
384122, 1893--11 A[vril] :,"('ALBUM_95_018', '.tif')2327.jpg"
384122, 1893--11 A[vril] :,"('ALBUM_95_022', '.tif')3972.jpg"
384122, 1893--11 A[vril] :,"('R919', '.tif')3030.jpg"
384122, 1893--11 A[vril] :,"('R973', '.tif')2489.jpg"
384122, 1893--11 A[vril] :,"('R985', '.tif')2992.jpg"
384122, 1893--11 A[vril] :,"('R1061', '.tif')3663.jpg"
384122, 1893--11 A[vril] :,"('R1073', '.tif')4033.jpg"
